{
  "nodes": {
    "0": { "dim": 2 },
    "1": { "dim": 4 },
    "2": { "dim": 3 },
    "3": { "dim": 2 },
    "4": { "dim": 2 },
    "5": { "dim": 3 },
    "6": { "dim": 2 },
    "7": { "dim": 2 }
  },
  "factors": {
    "0": {
      "1": [
        [0.1, 0.25, 0.6, 0.05],
        [0.3, 0.2, 0.1, 0.4]
      ],
      "2": [
        [0.25, 0.4, 0.35],
        [0.35, 0.45, 0.2]
      ]
    },
    "1": {
      "3": [
        [0.3, 0.7],
        [0.2, 0.8],
        [0.5, 0.5],
        [0.7, 0.3]
      ],
      "4": [
        [0.2, 0.8],
        [0.4, 0.6],
        [0.8, 0.2],
        [0.3, 0.7]
      ]
    },
    "2": {
      "5": [
        [0.5, 0.3, 0.2],
        [0.25, 0.2, 0.55],
        [0.45, 0.35, 0.2]
      ],
      "6": [
        [0.2, 0.8],
        [0.8, 0.2],
        [0.45, 0.55]
      ]
    },
    "5": {
      "7": [
        [0.5, 0.5],
        [0.65, 0.35],
        [0.35, 0.65]
      ]
    }
  },
  "observations": { "0": 0, "3": 1, "6": 1 },
  "p_0": [[0.3, 0.7]],
  "marginals": {
    "4": [[0.42, 0.58]],
    "3": [[0.0, 1.0]],
    "7": [[0.49, 0.51]],
    "6": [[0.0, 1.0]],
    "5": [[0.38, 0.27, 0.35]],
    "2": [[0.32, 0.44, 0.25]],
    "1": [[0.11966, 0.34188, 0.25, 0.3]],
    "0": [[1.0, 0.0]]
  }
}
